{
    "conv_consistency": {
        "k_alpha": 0.09829666430092254,
        "f_kappa": 0.04695490469549034,
        "r_kappa": 0.3166666666666666,
        "gwet_ac1": 0.47247
    },
    "backend_consistency": {
        "k_alpha": 0.07849604221635886,
        "f_kappa": 0.03423216676228745,
        "r_kappa": 0.43888888888888883,
        "gwet_ac1": 0.64237
    },
    "policy_completeness": {
        "k_alpha": 0.03894736842105262,
        "f_kappa": 0.05564063297600821,
        "r_kappa": 0.38333333333333336,
        "gwet_ac1": 0.52642
    },
    "overall": {
        "k_alpha": 0.0709726032036303,
        "f_kappa": 0.05734706511339987,
        "r_kappa": 0.37962962962962965,
        "gwet_ac1": 0.49367
    }
}